Transactions																				
Date	Security	Type	Broker	Action	Quantity	Currency	Price	Currency	Total											
07/09/2021	Cash	Other	Questrade	Deposit	1	CAD	$1,000.00	CAD	$1,000.00											
07/12/2021	TSE:ZWC	ETF	Questrade	Buy	25	CAD	$18.27	CAD	$456.84											
07/12/2021	TSE:VDY	ETF	Questrade	Buy	12	CAD	$40.30	CAD	$483.64											
07/12/2021	Cash	Other	Questrade	Deposit	1	CAD	$1,000.00	CAD	$1,000.00											
07/12/2021	Cash	Other	Questrade	Deposit	1	CAD	$750.00	CAD	$750.00											
07/12/2021	Cash	Other	Questrade	FX Sell	-1	CAD	$1,000.00	CAD	$1,000.00											
07/12/2021	Cash	Other	Questrade	FX Buy	1	USD	$789.83	USD	$789.83											
07/12/2021	Cash	Other	Wealthsimple	Deposit	1	CAD	$250.00	CAD	$250.00											
07/13/2021	AAPL	Stock	Questrade	Buy	5	USD	$147.35	USD	$741.70											
07/13/2021	REVS	ETF	Questrade	Buy	2	USD	$20.34	USD	$40.68											
07/13/2021	Cash	Other	Questrade	FX Sell	-1	CAD	$809.00	CAD	$809.00											
07/13/2021	Cash	Other	Questrade	FX Buy	1	USD	$635.96	USD	$635.96											
07/14/2021	LMT	Stock	Questrade	Buy	1	USD	$377.05	USD	$382.00											
07/14/2021	Cash	Other	Wealthsimple	Rebate	1	CAD	$11.54	CAD	$11.54											
07/14/2021	TSE:POW	Stock	Wealthsimple	Buy	5	CAD	$39.05	CAD	$195.25											
07/15/2021	TCEHY	Stock	Questrade	Buy	3	USD	$72.28	USD	$221.79											
07/16/2021	Cash	Other	Wealthsimple	Deposit	1	CAD	$200.00	CAD	$200.00											
07/16/2021	NCLH	Stock	Wealthsimple	Buy	4	USD	$23.70	CAD	$121.12											
07/18/2021	NCLH	Stock	Wealthsimple	Sell	-4	USD	$24.10	CAD	$120.48											
07/19/2021	Cash	Other	Wealthsimple	Deposit	1	CAD	$50.00	CAD	$50.00											
07/19/2021	TSE:ENB	Stock	Wealthsimple	Buy	2	CAD	$47.89	CAD	$95.78											
07/19/2021	TSE:T	Stock	Wealthsimple	Buy	1	CAD	$27.47	CAD	$27.47											
07/19/2021	TSE:CU	Stock	Wealthsimple	Buy	2	CAD	$34.70	CAD	$69.40											
07/21/2021	Cash	Other	Wealthsimple	Deposit	1	CAD	$200.00	CAD	$200.00											
07/23/2021	Cash	Other	Questrade	Rebate	1	CAD	$6.23	CAD	$6.23											
07/23/2021	Cash	Other	Questrade	Rebate	1	CAD	$6.19	CAD	$6.19											
07/23/2021	Cash	Other	Questrade	Rebate	1	CAD	$6.19	CAD	$6.19											
07/23/2021	TSE:MFC	Stock	Wealthsimple	Buy	3	CAD	$23.87	CAD	$71.61											
07/23/2021	Cash	Other	Wealthsimple	Deposit	1	CAD	$50.00	CAD	$50.00											
07/26/2021	Cash	Other	Wealthsimple	Deposit	1	CAD	$1,000.00	CAD	$1,000.00						sold			buy		
07/27/2021	Cash	Other	Wealthsimple	Deposit	1	CAD	$200.00	CAD	$200.00						4	168.52		5	39.05	195.25
07/27/2021	TSE:MFC	Stock	Wealthsimple	Buy	1	CAD	$23.80	CAD	$23.80						3	126.6		2	39.09	78.18
07/27/2021	TSE:CU	Stock	Wealthsimple	Buy	4	CAD	$36.03	CAD	$144.12			1.49								
07/27/2021	TSE:T	Stock	Wealthsimple	Buy	2	CAD	$27.65	CAD	$55.30			3.13						117.19	FIFO!!!!	
07/27/2021	TSE:BCE	Stock	Wealthsimple	Buy	2	CAD	$61.75	CAD	$123.50			195.25	5							
07/28/2021	TSE:POW	Stock	Wealthsimple	Buy	2	CAD	$39.09	CAD	$78.18			78.18	2							
07/28/2021	TSE:MFC	Stock	Wealthsimple	Buy	5	CAD	$23.81	CAD	$119.05			273.43	39.06142857							
07/28/2021	TSE:ENB	Stock	Wealthsimple	Buy	5	CAD	$49.07	CAD	$245.35			$104.91	156.2457143							
07/28/2021	TSE:CU	Stock	Wealthsimple	Buy	4	CAD	$35.90	CAD	$143.60											
07/28/2021	TSE:TRP	Stock	Wealthsimple	Buy	3	CAD	$61.36	CAD	$184.08											
07/28/2021	TSE:TD	Stock	Wealthsimple	Buy	1	CAD	$82.91	CAD	$82.91											
07/28/2021	TSE:CNR	Stock	Wealthsimple	Buy	1	CAD	$132.99	CAD	$132.99											
07/28/2021	TSE:MFC	Stock	Wealthsimple	Buy	1	CAD	$23.84	CAD	$23.84											
07/30/2021	TSE:TRP	Stock	Wealthsimple	Buy	2	CAD	$60.35	CAD	$120.70											
07/30/2021	Cash	Other	Wealthsimple	Deposit	1	CAD	$50.00	CAD	$50.00											
07/30/2021	Cash	Other	Wealthsimple	Deposit	1	CAD	$6,000.00	CAD	$6,000.00											
08/03/2021	REVS	ETF	Questrade	Sell	-2	USD	$20.47	USD	$35.98											
08/03/2021	TCEHY	Stock	Questrade	Sell	-3	USD	$56.80	USD	$165.44											
08/03/2021	BTI	Stock	Wealthsimple	Buy	1	USD	$37.84	CAD	$48.08											
08/03/2021	TSE:AQN	Stock	Wealthsimple	Buy	1	CAD	$19.93	CAD	$19.93											
08/04/2021	TSE:ZWC	ETF	Questrade	Dividend	0	CAD	$2.50	CAD	$2.50											
08/04/2021	BTI	Stock	Wealthsimple	Buy	4	USD	$37.72	CAD	$192.22											
08/04/2021	TSE:CU	Stock	Wealthsimple	Buy	10	CAD	$35.31	CAD	$353.10											
08/04/2021	TSE:AQN	Stock	Wealthsimple	Buy	1	CAD	$19.86	CAD	$19.86											
08/04/2021	TSE:CU	Stock	Wealthsimple	Buy	3	CAD	$35.30	CAD	$105.90											
08/04/2021	BTI	Stock	Wealthsimple	Buy	2	USD	$37.56	CAD	$95.70											
08/04/2021	BTI	Stock	Wealthsimple	Buy	1	USD	$37.38	CAD	$47.62											
08/04/2021	TSE:CU	Stock	Wealthsimple	Buy	1	CAD	$35.28	CAD	$35.28											
08/05/2021	CLX	Stock	Wealthsimple	Buy	2	USD	$163.75	CAD	$415.70											
08/05/2021	CLX	Stock	Wealthsimple	Buy	2	USD	$163.55	CAD	$415.21											
08/06/2021	Cash	Other	Questrade	Rebate	1	CAD	$12.40	CAD	$12.40											
08/06/2021	TSE:AQN	Stock	Wealthsimple	Buy	2	CAD	$20.09	CAD	$40.18											
08/06/2021	TSE:BCE	Stock	Wealthsimple	Buy	2	CAD	$63.89	CAD	$127.78											
08/09/2021	TSE:SU	Stock	Wealthsimple	Buy	2	CAD	$24.21	CAD	$48.42											
08/10/2021	TSE:VDY	ETF	Questrade	Dividend	0	CAD	$1.06	CAD	$1.06											
08/10/2021	TSE:SU	Stock	Wealthsimple	Sell	-2	CAD	$24.49	CAD	$48.98											
08/10/2021	TSE:BCE	Stock	Wealthsimple	Sell	-1	CAD	$63.51	CAD	$63.51											
08/10/2021	TSE:BCE	Stock	Wealthsimple	Sell	-1	CAD	$63.51	CAD	$63.51											
08/10/2021	TSE:BCE	Stock	Wealthsimple	Sell	-2	CAD	$63.52	CAD	$127.04											
08/11/2021	TSE:CU	Stock	Wealthsimple	Sell	-4	CAD	$35.68	CAD	$142.72											
08/11/2021	TSE:CU	Stock	Wealthsimple	Sell	-5	CAD	$35.68	CAD	$178.40											
08/11/2021	TSE:CU	Stock	Wealthsimple	Sell	-5	CAD	$35.68	CAD	$178.40											
08/12/2021	AAPL	Stock	Questrade	Dividend	0	USD	$0.94	USD	$0.94											
08/12/2021	TSE:TRP	Stock	Wealthsimple	Sell	-5	CAD	$61.00	CAD	$305.00											
08/17/2021	BTI	Stock	Wealthsimple	Buy	2	USD	$37.04	CAD	$95.37											
08/17/2021	Cash	Other	Wealthsimple	Deposit	1	CAD	$250.00	CAD	$250.00											
08/23/2021	QYLD	ETF	Wealthsimple	Buy	50	USD	$22.85	CAD	$1,475.98											
08/23/2021	JEPI	ETF	Wealthsimple	Buy	20	USD	$62.70	CAD	$1,620.27											
08/23/2021	BTI	Stock	Wealthsimple	Buy	5	USD	$37.17	CAD	$240.12											
08/25/2021	Cash	Other	Wealthsimple	Deposit	1	CAD	$250.00	CAD	$250.00											
08/25/2021	QQQ	ETF	Wealthsimple	Buy	4	USD	$374.02	CAD	$1,915.29											
08/27/2021	TSE:ZWC	ETF	Questrade	Buy	1	CAD	$18.46	CAD	$18.46											
08/27/2021	QQQJ	ETF	Questrade	Buy	7	USD	$34.31	USD	$240.17											
08/27/2021	CLX	Stock	Wealthsimple	Sell	-4	USD	$165.29	CAD	$825.90											
08/27/2021	MSFT	Stock	Wealthsimple	Buy	3	USD	$299.00	CAD	$1,151.84											
08/31/2021	Cash	Other	Questrade	Deposit	1	CAD	$1,000.00	CAD	$1,000.00											
09/01/2021	TSE:CU	Stock	Wealthsimple	Dividend	0	CAD	$4.40	CAD	$4.40											
09/01/2021	TSE:ENB	Stock	Wealthsimple	Dividend	0	CAD	$5.85	CAD	$5.85											
09/02/2021	TSE:ZWC	ETF	Questrade	Dividend	0	CAD	$2.50	CAD	$2.50											
09/07/2021	JEPI	ETF	Wealthsimple	Dividend	0	CAD	$8.60	CAD	$7.31											
09/09/2021	TSE:VDY	ETF	Questrade	Dividend	0	CAD	$1.75	CAD	$1.75											
09/13/2021	Cash	Other	Questrade	Deposit	1	CAD	$1,000.00	CAD	$1,000.00											
09/13/2021	Cash	Other	Questrade	FX Sell	-1	CAD	$1,400.00	CAD	$1,400.00											
09/13/2021	Cash	Other	Questrade	FX Buy	1	USD	$1,090.17	USD	$1,090.17											
09/13/2021	TSE:CNR	Stock	Wealthsimple	Sell	-1	CAD	$148.86	CAD	$148.86											
09/14/2021	QQQM	ETF	Questrade	Buy	7	USD	$154.00	USD	$1,078.00											
09/14/2021	Cash	Other	Questrade	FX Sell	-1	CAD	$500.00	CAD	$500.00											
09/14/2021	Cash	Other	Questrade	FX Buy	1	USD	$388.35	USD	$388.35											
09/14/2021	Cash	Other	Wealthsimple	Deposit	1	CAD	$500.00	CAD	$500.00											
09/14/2021	TSE:ATD	Stock	Wealthsimple	Buy	14	CAD	$50.00	CAD	$700.00											
09/20/2021	TSE:MFC	Stock	Wealthsimple	Dividend	0	CAD	$2.80	CAD	$2.80											
09/24/2021	LMT	Stock	Questrade	Dividend	0	USD	$2.21	USD	$2.21											
09/28/2021	TSE:ENB	Stock	Wealthsimple	Sell	-7	CAD	$50.58	CAD	$354.06											
09/28/2021	TSE:MFC	Stock	Wealthsimple	Sell	-10	CAD	$24.77	CAD	$247.70											
09/28/2021	TSE:TD	Stock	Wealthsimple	Sell	-1	CAD	$84.60	CAD	$84.60											
09/28/2021	TSE:T	Stock	Wealthsimple	Sell	-3	CAD	$27.93	CAD	$83.79											
09/28/2021	TSE:ATD	Stock	Wealthsimple	Buy	2	CAD	$48.15	CAD	$96.30											
09/28/2021	QYLD	ETF	Wealthsimple	Dividend	0	CAD	$12.09	CAD	$10.28											
09/28/2021	TSE:VFV	ETF	Wealthsimple	Buy	3	CAD	$98.49	CAD	$295.47											
09/29/2021	TSE:CNR	Stock	Wealthsimple	Dividend	0	CAD	$0.62	CAD	$0.62											
09/30/2021	QQQJ	ETF	Questrade	Dividend	0	USD	$0.15	USD	$0.15											
09/30/2021	QQQM	ETF	Questrade	Dividend	0	USD	$0.99	USD	$0.99											
10/01/2021	SCI	Stock	Questrade	Buy	3	USD	$59.75	USD	$184.20											
10/01/2021	TSE:T	Stock	Wealthsimple	Dividend	0	CAD	$0.95	CAD	$0.95											
10/04/2021	TSE:ZWC	ETF	Questrade	Dividend	0	CAD	$2.60	CAD	$2.60											
10/04/2021	TSE:VFV	ETF	Wealthsimple	Buy	1	CAD	$95.81	CAD	$95.81											
10/08/2021	TSE:VDY	ETF	Questrade	Dividend	0	CAD	$1.84	CAD	$1.84											
10/08/2021	JEPI	ETF	Wealthsimple	Dividend	0	CAD	$8.59	CAD	$7.30											
10/08/2021	TSE:VFV	ETF	Wealthsimple	Dividend	0	CAD	$0.80	CAD	$0.80											
10/12/2021	Cash	Other	Wealthsimple	Deposit	1	CAD	$500.00	CAD	$500.00											
10/12/2021	TSE:VFV	ETF	Wealthsimple	Buy	3	CAD	$96.39	CAD	$289.17											
10/15/2021	TSE:AQN	Stock	Wealthsimple	Dividend	0	CAD	$0.84	CAD	$0.84											
10/18/2021	Cash	Other	Wealthsimple	Deposit	1	CAD	$500.00	CAD	$500.00											
10/21/2021	DWAC	Stock	Questrade	Buy	3	USD	$27.00	USD	$85.95											
10/22/2021	DWAC	Stock	Questrade	Sell	-3	USD	$90.00	USD	$265.04											
10/22/2021	PHUNW	Stock	Questrade	Buy	8	USD	$9.50	USD	$81.45											
10/25/2021	PHUNW	Stock	Questrade	Sell	-8	USD	$6.00	USD	$42.54											
10/25/2021	TSE:VDY	ETF	Questrade	Sell	-12	CAD	$42.50	CAD	$505.01											
10/26/2021	QYLD	ETF	Wealthsimple	Dividend	0	CAD	$12.22	CAD	$10.39											
10/26/2021	Cash	Other	Wealthsimple	Deposit	1	CAD	$500.00	CAD	$500.00											
10/29/2021	V	Stock	Questrade	Buy	1	USD	$212.00	USD	$216.95											
10/29/2021	QQQ	ETF	Wealthsimple	Dividend	0	CAD	$2.06	CAD	$1.75											
11/01/2021	TSE:POW	Stock	Wealthsimple	Dividend	0	CAD	$3.13	CAD	$3.13											
11/01/2021	TSE:VFV	ETF	Wealthsimple	Buy	0.0098	CAD	$0.99	CAD	$0.99											
11/02/2021	TSE:ZWC	ETF	Questrade	Dividend	0	CAD	$2.60	CAD	$2.60											
11/03/2021	Cash	Other	Questrade	Deposit	1	CAD	$500.00	CAD	$500.00											
11/03/2021	Cash	Other	Questrade	FX Sell	-1	CAD	$1,100.00	CAD	$1,100.00											
11/03/2021	Cash	Other	Questrade	FX Buy	1	USD	$874.89	USD	$874.89											
11/08/2021	JEPI	ETF	Wealthsimple	Dividend	0	CAD	$9.14	CAD	$7.77											
11/11/2021	TSE:ZWC	ETF	Questrade	Sell	-26	CAD	$19.00	CAD	$488.96											
11/12/2021	AAPL	Stock	Questrade	Dividend	0	USD	$0.94	USD	$0.94											
11/16/2021	BTI	Stock	Wealthsimple	Dividend	0	CAD	$13.54	CAD	$13.54											
11/17/2021	HDIUF	Stock	Wealthsimple	Buy	2	CAD	$43.00	CAD	$86.00											
11/18/2021	V	Stock	Questrade	Buy	3	USD	$204.75	USD	$619.20											
11/22/2021	TSE:VFV	ETF	Wealthsimple	Buy	1	CAD	$106.00	CAD	$106.00											
11/22/2021	V	Stock	Questrade	Buy	2	USD	$194.78	USD	$394.51											
11/22/2021	Cash	Other	Questrade	Deposit	1	CAD	$1,000.00	CAD	$1,000.00											
11/22/2021	Cash	Other	Questrade	FX Sell	-1	CAD	$1,500.00	CAD	$1,500.00											
11/22/2021	Cash	Other	Questrade	FX Buy	1	USD	$1,165.05	USD	$1,165.05											
11/29/2021	TSE:ATD	Stock	Wealthsimple	Buy	4	CAD	$46.75	CAD	$187.00											
11/29/2021	TSE:ENB	Stock	Wealthsimple	Buy	1	CAD	$48.20	CAD	$48.20											
12/01/2021	QYLD	ETF	Wealthsimple	Dividend	0	CAD	$14.44	CAD	$12.27											
12/01/2021	TSE:CU	Stock	Wealthsimple	Dividend	0	CAD	$4.40	CAD	$4.40											
12/03/2021	Cash	Other	Wealthsimple	Deposit	1	CAD	$500.00	CAD	$500.00											
12/06/2021	HDIUF	Stock	Wealthsimple	Sell	-2	CAD	$43.00	CAD	$86.22											
12/07/2021	V	Stock	Questrade	Dividend	0	USD	$0.33	USD	$0.33											
12/08/2021	JEPI	ETF	Wealthsimple	Dividend	0	CAD	$9.71	CAD	$8.25											
12/09/2021	MSFT	Stock	Wealthsimple	Dividend	0	CAD	$2.37	CAD	$2.01											
12/10/2021	TSE:POW	Stock	Wealthsimple	Sell	-4	CAD	$42.13	CAD	$168.52											
12/16/2021	TSE:ATD	Stock	Wealthsimple	Dividend	0	CAD	$2.20	CAD	$2.20											
12/27/2021	LMT	Stock	Questrade	Dividend	0	USD	$2.38	USD	$2.38											
12/30/2021	TSE:CU	Stock	Wealthsimple	Sell	-10	CAD	$36.85	CAD	$368.50											
12/30/2021	TSE:AQN	Stock	Wealthsimple	Sell	-4	CAD	$18.44	CAD	$73.76											
12/30/2021	TSE:POW	Stock	Wealthsimple	Sell	-3	CAD	$42.20	CAD	$126.60											
12/31/2021	QQQ	ETF	Wealthsimple	Dividend	0	CAD	$2.50	CAD	$2.13											
12/31/2021	QQQJ	ETF	Questrade	Dividend	0	USD	$1.36	USD	$1.36											
12/31/2021	QQQM	ETF	Questrade	Dividend	0	USD	$0.89	USD	$0.89											
12/31/2021	SCI	Stock	Questrade	Dividend	0	USD	$0.59	USD	$0.59											
01/04/2022	TSE:ENB	Stock	Wealthsimple	Sell	-1	CAD	$49.68	CAD	$49.68											
01/07/2022	JEPI	ETF	Wealthsimple	Dividend	0	CAD	$11.63	CAD	$9.89											
01/07/2022	QYLD	ETF	Wealthsimple	Dividend	0	CAD	$31.67	CAD	$31.66											
01/10/2022	TSE:VFV	ETF	Wealthsimple	Dividend	0	CAD	$2.69	CAD	$2.69											
01/10/2022	TSE:VFV	ETF	Wealthsimple	Buy	5	CAD	$103.50	CAD	$517.50											
01/13/2022	TSE:VFV	ETF	Wealthsimple	Buy	0.0259	CAD	$103.81	CAD	$2.69											
01/14/2022	TSE:AQN	Stock	Wealthsimple	Dividend	0	CAD	$0.86	CAD	$0.86											
01/20/2022	TSE:VFV	ETF	Wealthsimple	Buy	2	CAD	$101.50	CAD	$203.00											
01/21/2022	TSE:VFV	ETF	Wealthsimple	Buy	1	CAD	$99.36	CAD	$99.36											
01/21/2022	TSE:VFV	ETF	Wealthsimple	Buy	1	CAD	$98.50	CAD	$98.50											
01/21/2022	SCHD	ETF	Questrade	Buy	6	USD	$78.00	USD	$468.00											
01/24/2022	Cash	Other	Wealthsimple	Deposit	1	CAD	$260.00	CAD	$260.00											
01/24/2022	Cash	Other	Wealthsimple	Deposit	1	CAD	$1,240.00	CAD	$1,240.00											
01/24/2022	Cash	Other	Questrade	Deposit	1	CAD	$3,000.00	CAD	$3,000.00											
01/24/2022	Cash	Other	Questrade	FX Sell	-1	CAD	$3,021.00	CAD	$3,021.00											
01/24/2022	Cash	Other	Questrade	FX Buy	1	USD	$2,358.31	USD	$2,358.31											
01/24/2022	TSE:VFV	ETF	Wealthsimple	Buy	3	CAD	$96.00	CAD	$288.00											
01/24/2022	BTI	Stock	Wealthsimple	Sell	-15	USD	$43.06	CAD	$803.37											
01/24/2022	SQQQ	ETF	Questrade	Buy	10	USD	$47.71	USD	$477.09											
01/25/2022	TSE:VFV	ETF	Wealthsimple	Buy	3	CAD	$96.46	CAD	$289.38											
01/25/2022	TSE:XEI	ETF	Wealthsimple	Buy	10	CAD	$25.35	CAD	$253.50											
01/25/2022	TSE:XEI	ETF	Wealthsimple	Buy	10	CAD	$25.55	CAD	$255.50											
01/25/2022	TSE:VFV	ETF	Wealthsimple	Buy	5	CAD	$96.90	CAD	$484.50											
01/25/2022	TSE:VFV	ETF	Wealthsimple	Buy	2	CAD	$97.22	CAD	$194.44											
01/25/2022	SQQQ	ETF	Questrade	Sell	-10	USD	$43.86	USD	$433.64											
01/25/2022	SCHD	ETF	Questrade	Buy	12	USD	$76.69	USD	$920.34											
01/25/2022	MSFT	Stock	Questrade	Buy	3	USD	$290.00	USD	$874.95											
01/25/2022	QQQM	ETF	Questrade	Buy	4	USD	$142.12	USD	$568.48											
02/01/2022	QYLD	ETF	Wealthsimple	Dividend	0	CAD	$12.91	CAD	$10.97											
02/01/2022	TSE:POW	Stock	Wealthsimple	Dividend	0	CAD	$1.49	CAD	$1.49											
02/02/2022	TSE:VFV	ETF	Wealthsimple	Buy	5	CAD	$102.60	CAD	$513.00											
02/02/2022	TSE:XEI	ETF	Wealthsimple	Sell	-20	CAD	$27.00	CAD	$540.00											
02/02/2022	TSE:VFV	ETF	Wealthsimple	Sell	-0.0357	CAD	$101.11	CAD	$3.61											
02/02/2022	SCHD	ETF	Questrade	Buy	8	USD	$79.49	USD	$635.89											
02/02/2022	Cash	Other	Questrade	Deposit	1	CAD	$100.00	CAD	$100.00											
02/03/2022	Cash	Other	Questrade	Deposit	1	CAD	$2,921.00	CAD	$2,921.00											
02/03/2022	Cash	Other	Questrade	FX Sell	-1	CAD	$3,021.00	CAD	$3,021.00											
02/03/2022	Cash	Other	Questrade	FX Buy	1	USD	$2,349.51	USD	$2,349.51											
02/03/2022	TSE:VFV	ETF	Wealthsimple	Buy	3	CAD	$101.99	CAD	$305.97											
02/03/2022	TSE:VFV	ETF	Wealthsimple	Buy	1	CAD	$101.40	CAD	$101.40											
02/04/2022	SCHD	ETF	Questrade	Buy	10	USD	$78.42	USD	$784.20											
02/07/2022	TSE:VFV	ETF	Wealthsimple	Buy	1	CAD	$101.56	CAD	$101.56											
02/07/2022	TSE:VFV	ETF	Wealthsimple	Buy	1	CAD	$101.04	CAD	$101.04											
02/07/2022	META	Stock	Questrade	Buy	3	USD	$225.50	USD	$681.45											
02/08/2022	JEPI	ETF	Wealthsimple	Dividend	0	CAD	$9.73	CAD	$8.27											
02/10/2022	AAPL	Stock	Questrade	Dividend	0	USD	$0.94	USD	$0.94											
02/11/2022	TSE:VFV	ETF	Wealthsimple	Buy	1	CAD	$101.08	CAD	$101.08											
02/11/2022	TSE:VFV	ETF	Wealthsimple	Buy	4	CAD	$99.98	CAD	$399.92											
02/14/2022	BTI	Stock	Wealthsimple	Dividend	0	CAD	$13.88	CAD	$11.80											
02/14/2022	SCHD	ETF	Questrade	Buy	5	USD	$77.12	USD	$385.59											
02/14/2022	TSE:VFV	ETF	Wealthsimple	Buy	1	CAD	$99.39	CAD	$99.39											
02/17/2022	TSE:VFV	ETF	Wealthsimple	Buy	1	CAD	$99.59	CAD	$99.59											
02/18/2022	TSE:VFV	ETF	Wealthsimple	Buy	1	CAD	$98.47	CAD	$98.47											
02/22/2022	TSE:VFV	ETF	Wealthsimple	Buy	1	CAD	$97.84	CAD	$97.84											
02/22/2022	SCHD	ETF	Questrade	Buy	4	USD	$76.50	USD	$306.00											
02/24/2022	TSE:VFV	ETF	Wealthsimple	Buy	1	CAD	$94.98	CAD	$94.98											
02/24/2022	SCHD	ETF	Questrade	Buy	2	USD	$74.02	USD	$148.04											
02/25/2022	TSE:VFV	ETF	Wealthsimple	Buy	1	CAD	$98.13	CAD	$98.13											
02/25/2022	QQQJ	ETF	Questrade	Sell	-7	USD	$28.41	USD	$193.91											
02/25/2022	LMT	Stock	Questrade	Sell	-1	USD	$410.05	USD	$405.09											
02/25/2022	SCHD	ETF	Questrade	Buy	2	USD	$76.44	USD	$152.88											
03/01/2022	SCHD	ETF	Questrade	Buy	2	USD	$76.19	USD	$152.38											
03/01/2022	V	Stock	Questrade	Dividend	0	USD	$1.92	USD	$1.92											
03/02/2022	QYLD	ETF	Wealthsimple	Dividend	0	CAD	$12.77	CAD	$10.85											
03/07/2022	SCHD	ETF	Questrade	Buy	4	USD	$77.42	USD	$309.67											
03/07/2022	Cash	Other	Questrade	Deposit	1	CAD	$1,292.00	CAD	$1,292.00											
03/07/2022	Cash	Other	Questrade	FX Sell	-1	CAD	$1,293.79	CAD	$1,293.79											
03/07/2022	Cash	Other	Questrade	FX Buy	1	USD	$996.22	USD	$996.22											
03/08/2022	SCHD	ETF	Questrade	Buy	4	USD	$75.86	USD	$303.44											
03/10/2022	MSFT	Stock	Questrade	Dividend	0	USD	$1.59	USD	$1.59											
03/10/2022	MSFT	Stock	Wealthsimple	Dividend	0	CAD	$2.38	CAD	$2.02											
03/10/2022	JEPI	ETF	Wealthsimple	Dividend	0	CAD	$11.81	CAD	$10.04											
03/28/2022	SCHD	ETF	Questrade	Buy	8	USD	$78.76	USD	$630.06											
03/28/2022	SCHD	ETF	Questrade	Dividend	0	USD	$25.96	USD	$25.96											
03/29/2022	QYLD	ETF	Wealthsimple	Dividend	0	CAD	$13.11	CAD	$11.14											
03/31/2022	QQQM	ETF	Questrade	Dividend	0	USD	$1.82	USD	$1.82											
03/31/2022	SCI	Stock	Questrade	Dividend	0	USD	$0.94	USD	$0.94											
04/01/2022	TSE:VFV	ETF	Wealthsimple	Dividend	0	CAD	$12.47	CAD	$12.47											
04/05/2022	Cash	Other	Wealthsimple	Withdraw	-1	CAD	$614.39	CAD	$614.39											
04/06/2022	Cash	Other	Questrade	Deposit	1	CAD	$5,000.00	CAD	$5,000.00											
04/07/2022	TSE:ATD	Stock	Wealthsimple	Dividend	0	CAD	$2.20	CAD	$2.20											
04/08/2022	Cash	Other	Questrade	FX Sell	-1	CAD	$5,000.00	CAD	$5,000.00											
04/08/2022	Cash	Other	Questrade	FX Buy	1	USD	$3,922.18	USD	$3,922.18											
04/08/2022	JEPI	ETF	Wealthsimple	Dividend	0	CAD	$14.79	CAD	$12.57											
04/13/2022	SCI	Stock	Questrade	Sell	-3	USD	$71.00	USD	$208.04											
04/18/2022	QQQ	ETF	Wealthsimple	Dividend	0	CAD	$2.15	CAD	$1.83											
04/18/2022	SCHD	ETF	Questrade	Buy	10	USD	$78.50	USD	$785.00											
04/21/2022	TSE:ATD	Stock	Questrade	Sell	-20	CAD	$57.41	CAD	$1,143.18											
04/21/2022	QYLD	ETF	Questrade	Sell	-50	USD	$20.26	USD	$1,008.16											
04/21/2022	JEPI	ETF	Questrade	Sell	-20	USD	$61.77	USD	$1,230.44											
04/21/2022	TSE:VFV	ETF	Questrade	Buy	3	CAD	$98.13	CAD	$294.40											
04/22/2022	SCHD	ETF	Questrade	Buy	5	USD	$78.20	USD	$391.00											
04/22/2022	TSE:VFV	ETF	Questrade	Buy	3	CAD	$96.99	CAD	$290.98											
04/25/2022	SCHD	ETF	Questrade	Buy	8	USD	$76.94	USD	$615.48											
04/25/2022	TSE:VFV	ETF	Questrade	Buy	3	CAD	$96.11	CAD	$288.34											
04/26/2022	SCHD	ETF	Questrade	Buy	7	USD	$77.23	USD	$540.61											
04/26/2022	TSE:VFV	ETF	Questrade	Buy	2	CAD	$95.82	CAD	$191.65											
04/26/2022	QYLD	ETF	Questrade	Dividend	0	USD	$8.73	USD	$8.73											
04/27/2022	QQQM	ETF	Questrade	Buy	4	USD	$131.59	USD	$526.36											
04/27/2022	SCHD	ETF	Questrade	Buy	8	USD	$95.63	USD	$614.00											
04/27/2022	TSE:VFV	ETF	Questrade	Buy	10	CAD	$95.63	CAD	$956.34											
04/27/2022	Cash	Other	Questrade	Deposit	1	CAD	$5,000.00	CAD	$5,000.00											
04/27/2022	Cash	Other	Questrade	Deposit	1	CAD	$1,000.00	CAD	$1,000.00											
04/28/2022	TSE:VFV	ETF	Questrade	Buy	5	CAD	$97.13	CAD	$485.67											
04/29/2022	SCHD	ETF	Questrade	Buy	15	USD	$76.56	USD	$1,148.33											
04/29/2022	TSE:VFV	ETF	Questrade	Buy	8	CAD	$94.79	CAD	$758.35											
04/29/2022	TSE:VFV	ETF	Questrade	Buy	5	CAD	$96.16	CAD	$480.82											
04/30/2022	Cash	Other	Wealthsimple	Rebate	1	CAD	$1.83	CAD	$1.83											
05/02/2022	SCHD	ETF	Questrade	Buy	5	USD	$75.00	USD	$375.00											
05/09/2022	TSE:VFV	ETF	Questrade	Buy	5	CAD	$93.00	CAD	$465.02											
05/11/2022	BLK	Stock	Questrade	Buy	1	USD	$600.00	USD	$604.95											
05/11/2022	SCHD	ETF	Questrade	Buy	12	USD	$75.00	USD	$900.00											
05/12/2022	TSE:VFV	ETF	Questrade	Buy	4	CAD	$89.77	CAD	$359.09											
05/12/2022	AAPL	Stock	Questrade	Dividend	0	USD	$0.98	USD	$0.98											
05/12/2022	Cash	Other	Questrade	Deposit	1	CAD	$3,500.00	CAD	$3,500.00											
05/12/2022	Cash	Other	Questrade	FX Sell	-1	CAD	$3,000.00	CAD	$3,000.00											
05/12/2022	Cash	Other	Questrade	FX Buy	1	USD	$2,267.40	USD	$2,267.40											
05/18/2022	Cash	Other	Questrade	FX Sell	-1	CAD	$3,000.00	CAD	$3,000.00											
05/18/2022	Cash	Other	Questrade	FX Buy	1	USD	$2,296.56	USD	$2,296.56											
05/19/2022	SCHD	ETF	Questrade	Buy	20	USD	$74.56	USD	$1,491.20											
05/20/2022	SCHD	ETF	Questrade	Buy	10	USD	$73.90	USD	$739.00											
05/20/2022	TSE:VFV	ETF	Questrade	Buy	1	CAD	$87.22	CAD	$87.22											
05/24/2022	SBUX	Stock	Questrade	Buy	15	USD	$72.50	USD	$1,092.45											
05/24/2022	SCHD	ETF	Questrade	Buy	3	USD	$75.00	USD	$225.00											
05/24/2022	Cash	Other	Questrade	Deposit	1	CAD	$2,000.00	CAD	$2,000.00											
05/24/2022	Cash	Other	Questrade	FX Sell	-1	CAD	$1,000.00	CAD	$1,000.00											
05/24/2022	Cash	Other	Questrade	FX Buy	1	USD	$769.35	USD	$769.35											
05/25/2022	Cash	Other	Questrade	Deposit	1	CAD	$1,000.00	CAD	$1,000.00											
06/01/2022	V	Stock	Questrade	Dividend	0	USD	$1.92	USD	$1.92											
06/08/2022	Cash	Other	Questrade	FX Sell	-1	CAD	$2,000.08	CAD	$2,000.08											
06/08/2022	Cash	Other	Questrade	FX Buy	1	USD	$1,570.66	USD	$1,570.66											
06/09/2022	Cash	Other	Questrade	Deposit	1	CAD	$1,600.00	CAD	$1,600.00											
06/09/2022	MSFT	Stock	Questrade	Dividend	0	USD	$3.17	USD	$3.17											
06/10/2022	AAPL	Stock	Questrade	Buy	5	USD	$137.50	USD	$692.45											
06/10/2022	SCHD	ETF	Questrade	Buy	5	USD	$74.90	USD	$374.50											
06/10/2022	TSE:VFV	ETF	Questrade	Buy	4	CAD	$89.00	CAD	$356.01											
06/13/2022	SCHD	ETF	Questrade	Buy	15	USD	$72.95	USD	$1,094.25											
06/13/2022	TSE:VFV	ETF	Questrade	Buy	2	CAD	$87.07	CAD	$174.15											
06/15/2022	Cash	Other	Questrade	FX Sell	-1	CAD	$1,069.84	CAD	$1,069.84											
06/15/2022	Cash	Other	Questrade	FX Buy	1	USD	$819.86	USD	$819.85											
06/17/2022	SCHD	ETF	Questrade	Buy	10	USD	$70.00	USD	$700.00											
06/21/2022	Cash	Other	Questrade	Deposit	1	CAD	$500.00	CAD	$500.00											
06/23/2022	BLK	Stock	Questrade	Dividend	0	USD	$4.15	USD	$4.15											
06/27/2022	SCHD	ETF	Questrade	Dividend	0	USD	$119.65	USD	$119.65											
06/30/2022	QQQM	ETF	Questrade	Dividend	0	USD	$2.62	USD	$2.62											
07/05/2022	SCHD	ETF	Questrade	Buy	20	USD	$70.50	USD	$1,409.90											
07/06/2022	Cash	Other	Questrade	Deposit	1	CAD	$500.00	CAD	$500.00											
07/08/2022	Cash	Other	Questrade	FX Sell	-1	CAD	$1,000.00	CAD	$1,000.00											
07/08/2022	Cash	Other	Questrade	FX Buy	1	USD	$761.04	USD	$761.04											
07/08/2022	TSE:VFV	ETF	Questrade	Dividend	0	CAD	$30.08	CAD	$30.08											
07/14/2022	SCHD	ETF	Questrade	Buy	10	USD	$70.07	USD	$700.67											
07/14/2022	Cash	Other	Questrade	FX Sell	-1	CAD	$30.08	CAD	$30.08											
07/14/2022	Cash	Other	Questrade	FX Buy	1	USD	$22.64	USD	$22.64											
07/29/2022	QQQ	ETF	Questrade	Dividend	0	USD	$1.80	USD	$1.80											
08/04/2022	SCHD	ETF	Questrade	Buy	1	USD	$74.36	USD	$74.36											
08/11/2022	AAPL	Stock	Questrade	Dividend	0	USD	$1.96	USD	$1.96											
08/26/2022	Cash	Other	Questrade	Deposit	1	CAD	$120.00	CAD	$120.00											
08/26/2022	Cash	Other	Questrade	FX Sell	-1	CAD	$120.00	CAD	$120.00											
08/26/2022	Cash	Other	Questrade	FX Buy	1	USD	$90.85	USD	$90.85											
08/26/2022	SBUX	Stock	Questrade	Dividend	0	USD	$6.25	USD	$6.25											
08/30/2022	SCHD	ETF	Questrade	Buy	1	USD	$75.30	USD	$75.30											
08/31/2022	SCHD	ETF	Questrade	Buy	1	USD	$74.00	USD	$74.00											
09/01/2022	Cash	Other	Questrade	Deposit	1	CAD	$150.00	CAD	$150.00											
09/01/2022	V	Stock	Questrade	Dividend	0	USD	$1.92	USD	$1.92											
09/06/2022	Cash	Other	Questrade	FX Sell	-1	CAD	$150.00	CAD	$150.00											
09/06/2022	Cash	Other	Questrade	FX Buy	1	USD	$112.50	USD	$112.50											
09/08/2022	MSFT	Stock	Questrade	Dividend	0	USD	$3.17	USD	$3.17											
09/13/2022	SCHD	ETF	Questrade	Buy	1	USD	$72.67	USD	$72.67											
09/23/2022	SCHD	ETF	Questrade	Buy	1	USD	$68.00	USD	$68.00											
09/23/2022	BLK	ETF	Questrade	Dividend	0	USD	$4.15	USD	$4.15											
09/23/2022	QQQ	ETF	Questrade	Dividend	0	USD	$3.13	USD	$3.13											
09/26/2022	SCHD	ETF	Questrade	Dividend	0	USD	$126.65	USD	$126.65											
10/03/2022	SCHD	ETF	Questrade	Buy	2	USD	$66.75	USD	$133.50											
10/03/2022	Cash	Other	Questrade	Deposit	1	CAD	$300.00	CAD	$300.00											
10/05/2022	Cash	Other	Questrade	FX Sell	-1	CAD	$300.00	CAD	$300.00											
10/05/2022	Cash	Other	Questrade	FX Buy	1	USD	$217.69	USD	$217.69											
10/06/2022	TSE:VFV	ETF	Questrade	Dividend	0	CAD	$34.15	CAD	$34.15											
10/07/2022	Cash	Other	Questrade	FX Sell	-1	CAD	$34.15	CAD	$34.15											
10/07/2022	Cash	Other	Questrade	FX Buy	1	USD	$24.52	USD	$24.52											
10/11/2022	Cash	Other	Questrade	Deposit	1	CAD	$500.00	CAD	$500.00											
10/12/2022	SCHD	ETF	Questrade	Buy	3	USD	$67.50	USD	$202.50											
10/20/2022	Cash	Other	Questrade	Deposit	1	CAD	$1,500.00	CAD	$1,500.00											
10/31/2022	QQQ	ETF	Questrade	Dividend	0	USD	$1.76	USD	$1.76											
11/10/2022	AAPL	Stock	Questrade	Dividend	0	USD	$1.96	USD	$1.96											
11/24/2022	TSE:VFV	ETF	Questrade	Buy	8	CAD	$95.95	CAD	$767.63											
11/24/2022	Cash	Other	Questrade	FX Sell	-1	CAD	$500.13	CAD	$500.13											
11/24/2022	Cash	Other	Questrade	FX Buy	1	USD	$370.00	USD	$370.00											
11/25/2022	SBUX	Stock	Questrade	Dividend	0	USD	$6.76	USD	$6.76											
11/30/2022	SCHD	ETF	Questrade	Buy	5	USD	$78.00	USD	$390.00											
12/01/2022	V	Stock	Questrade	Dividend	0	USD	$2.30	USD	$2.30											
12/08/2022	MSFT	Stock	Questrade	Dividend	0	USD	$3.47	USD	$3.47											
12/12/2022	SCHD	ETF	Questrade	Dividend	0	USD	$146.49	USD	$146.49											
12/23/2022	BLK	Stock	Questrade	Dividend	0	USD	$4.15	USD	$4.15											
12/23/2022	QQQM	ETF	Questrade	Dividend	0	USD	$3.46	USD	$3.46											
12/30/2022	QQQ	ETF	Questrade	Dividend	0	USD	$2.23	USD	$2.23											
01/03/2023	SCHD	ETF	Questrade	Buy	2	USD	$75.00	USD	$150.00											
01/04/2023	TSE:VFV	ETF	Questrade	Buy	5	CAD	$92.00	CAD	$460.00											
01/09/2023	TSE:VFV	ETF	Questrade	Dividend	0	CAD	$42.05	CAD	$42.05											
01/16/2023	AAPL	Stock	Questrade	Dividend	0	USD	$1.96	USD	$1.96											
02/17/2023	TSE:VFV	ETF	Questrade	Buy	3	CAD	$97.00	CAD	$291.01											
02/24/2023	SBUX	Stock	Questrade	Dividend	0	USD	$6.76	USD	$6.76											
03/01/2023	V	Stock	Questrade	Dividend	0	USD	$2.30	USD	$2.30											
03/09/2023	MSFT	Stock	Questrade	Dividend	0	USD	$3.47	USD	$3.47											
03/23/2023	BLK	Stock	Questrade	Dividend	0	USD	$4.25	USD	$4.25											
03/24/2023	QQQM	ETF	Questrade	Dividend	0	USD	$3.24	USD	$3.24											
03/27/2023	SCHD	ETF	Questrade	Dividend	0	USD	$125.24	USD	$125.24											
03/31/2023	SCHD	ETF	Questrade	Buy	2	USD	$72.78	USD	$145.55											
04/03/2023	TSE:VFV	ETF	Questrade	Dividend	0	CAD	$40.36	CAD	$40.36											
04/28/2023	QQQ	ETF	Questrade	Dividend	0	USD	$1.61	USD	$1.61											
05/18/2023	AAPL	Stock	Questrade	Dividend	0	USD	$2.04	USD	$2.04											
05/26/2023	SBUX	Stock	Questrade	Dividend	0	USD	$6.76	USD	$6.76											
06/01/2023	V	Stock	Questrade	Dividend	0	USD	$2.30	USD	$2.30											
06/08/2023	MSFT	Stock	Questrade	Dividend	0	USD	$3.47	USD	$3.47											